week,site,topic_type,target_keyword,suggested_url,brief
1,"K1 Safety Review","guide","is k1 game real android setup","/guides/is-k1-game-real-android-setup/","Write a unique review article with original screenshots, local examples, FAQ, and internal links. Do not reuse the same article structure across domains."
2,"K1 Safety Review","guide","is k1 game safe new user guide","/guides/is-k1-game-safe-new-user-guide/","Write a unique review article with original screenshots, local examples, FAQ, and internal links. Do not reuse the same article structure across domains."
3,"K1 Safety Review","comparison","k1 game scam Pakistan mobile users","/guides/k1-game-scam-pakistan-mobile-users/","Write a unique review article with original screenshots, local examples, FAQ, and internal links. Do not reuse the same article structure across domains."
4,"K1 Safety Review","faq","k1 game withdrawal proof common mistake","/guides/k1-game-withdrawal-proof-common-mistake/","Write a unique review article with original screenshots, local examples, FAQ, and internal links. Do not reuse the same article structure across domains."
5,"K1 Safety Review","refresh","fake k1 game apk safe checklist","/guides/fake-k1-game-apk-safe-checklist/","Write a unique review article with original screenshots, local examples, FAQ, and internal links. Do not reuse the same article structure across domains."
6,"K1 Safety Review","comparison","k1 game review methodology step by step","/guides/k1-game-review-methodology-step-by-step/","Write a unique review article with original screenshots, local examples, FAQ, and internal links. Do not reuse the same article structure across domains."
7,"K1 Safety Review","guide","k1 game user claims FAQ update","/guides/k1-game-user-claims-faq-update/","Write a unique review article with original screenshots, local examples, FAQ, and internal links. Do not reuse the same article structure across domains."
8,"K1 Safety Review","faq","k1 game safe download weekly review","/guides/k1-game-safe-download-weekly-review/","Write a unique review article with original screenshots, local examples, FAQ, and internal links. Do not reuse the same article structure across domains."
9,"K1 Safety Review","comparison","k1 game bonus claim comparison notes","/guides/k1-game-bonus-claim-comparison-notes/","Write a unique review article with original screenshots, local examples, FAQ, and internal links. Do not reuse the same article structure across domains."
10,"K1 Safety Review","refresh","k1 game support review support evidence","/guides/k1-game-support-review-support-evidence/","Write a unique review article with original screenshots, local examples, FAQ, and internal links. Do not reuse the same article structure across domains."
11,"K1 Safety Review","guide","k1 game review faq device compatibility","/guides/k1-game-review-faq-device-compatibility/","Write a unique review article with original screenshots, local examples, FAQ, and internal links. Do not reuse the same article structure across domains."
12,"K1 Safety Review","faq","k1 game safety notes error fix","/guides/k1-game-safety-notes-error-fix/","Write a unique review article with original screenshots, local examples, FAQ, and internal links. Do not reuse the same article structure across domains."
13,"K1 Safety Review","guide","is k1 game real June update","/guides/is-k1-game-real-june-update/","Write a unique review article with original screenshots, local examples, FAQ, and internal links. Do not reuse the same article structure across domains."
14,"K1 Safety Review","guide","is k1 game safe July update","/guides/is-k1-game-safe-july-update/","Write a unique review article with original screenshots, local examples, FAQ, and internal links. Do not reuse the same article structure across domains."
15,"K1 Safety Review","refresh","k1 game scam 2026 refresh","/guides/k1-game-scam-2026-refresh/","Write a unique review article with original screenshots, local examples, FAQ, and internal links. Do not reuse the same article structure across domains."
16,"K1 Safety Review","faq","k1 game withdrawal proof android setup","/guides/k1-game-withdrawal-proof-android-setup/","Write a unique review article with original screenshots, local examples, FAQ, and internal links. Do not reuse the same article structure across domains."
17,"K1 Safety Review","guide","fake k1 game apk new user guide","/guides/fake-k1-game-apk-new-user-guide/","Write a unique review article with original screenshots, local examples, FAQ, and internal links. Do not reuse the same article structure across domains."
18,"K1 Safety Review","comparison","k1 game review methodology Pakistan mobile users","/guides/k1-game-review-methodology-pakistan-mobile-users/","Write a unique review article with original screenshots, local examples, FAQ, and internal links. Do not reuse the same article structure across domains."
19,"K1 Safety Review","guide","k1 game user claims common mistake","/guides/k1-game-user-claims-common-mistake/","Write a unique review article with original screenshots, local examples, FAQ, and internal links. Do not reuse the same article structure across domains."
20,"K1 Safety Review","refresh","k1 game safe download safe checklist","/guides/k1-game-safe-download-safe-checklist/","Write a unique review article with original screenshots, local examples, FAQ, and internal links. Do not reuse the same article structure across domains."
21,"K1 Safety Review","comparison","k1 game bonus claim step by step","/guides/k1-game-bonus-claim-step-by-step/","Write a unique review article with original screenshots, local examples, FAQ, and internal links. Do not reuse the same article structure across domains."
22,"K1 Safety Review","guide","k1 game support review FAQ update","/guides/k1-game-support-review-faq-update/","Write a unique review article with original screenshots, local examples, FAQ, and internal links. Do not reuse the same article structure across domains."
23,"K1 Safety Review","guide","k1 game review faq weekly review","/guides/k1-game-review-faq-weekly-review/","Write a unique review article with original screenshots, local examples, FAQ, and internal links. Do not reuse the same article structure across domains."
24,"K1 Safety Review","faq","k1 game safety notes comparison notes","/guides/k1-game-safety-notes-comparison-notes/","Write a unique review article with original screenshots, local examples, FAQ, and internal links. Do not reuse the same article structure across domains."
25,"K1 Safety Review","refresh","is k1 game real support evidence","/guides/is-k1-game-real-support-evidence/","Write a unique review article with original screenshots, local examples, FAQ, and internal links. Do not reuse the same article structure across domains."
26,"K1 Safety Review","guide","is k1 game safe device compatibility","/guides/is-k1-game-safe-device-compatibility/","Write a unique review article with original screenshots, local examples, FAQ, and internal links. Do not reuse the same article structure across domains."
27,"K1 Safety Review","comparison","k1 game scam error fix","/guides/k1-game-scam-error-fix/","Write a unique review article with original screenshots, local examples, FAQ, and internal links. Do not reuse the same article structure across domains."
28,"K1 Safety Review","faq","k1 game withdrawal proof June update","/guides/k1-game-withdrawal-proof-june-update/","Write a unique review article with original screenshots, local examples, FAQ, and internal links. Do not reuse the same article structure across domains."
29,"K1 Safety Review","guide","fake k1 game apk July update","/guides/fake-k1-game-apk-july-update/","Write a unique review article with original screenshots, local examples, FAQ, and internal links. Do not reuse the same article structure across domains."
30,"K1 Safety Review","refresh","k1 game review methodology 2026 refresh","/guides/k1-game-review-methodology-2026-refresh/","Write a unique review article with original screenshots, local examples, FAQ, and internal links. Do not reuse the same article structure across domains."
31,"K1 Safety Review","guide","k1 game user claims android setup","/guides/k1-game-user-claims-android-setup/","Write a unique review article with original screenshots, local examples, FAQ, and internal links. Do not reuse the same article structure across domains."
32,"K1 Safety Review","faq","k1 game safe download new user guide","/guides/k1-game-safe-download-new-user-guide/","Write a unique review article with original screenshots, local examples, FAQ, and internal links. Do not reuse the same article structure across domains."
33,"K1 Safety Review","comparison","k1 game bonus claim Pakistan mobile users","/guides/k1-game-bonus-claim-pakistan-mobile-users/","Write a unique review article with original screenshots, local examples, FAQ, and internal links. Do not reuse the same article structure across domains."
34,"K1 Safety Review","guide","k1 game support review common mistake","/guides/k1-game-support-review-common-mistake/","Write a unique review article with original screenshots, local examples, FAQ, and internal links. Do not reuse the same article structure across domains."
35,"K1 Safety Review","refresh","k1 game review faq safe checklist","/guides/k1-game-review-faq-safe-checklist/","Write a unique review article with original screenshots, local examples, FAQ, and internal links. Do not reuse the same article structure across domains."
36,"K1 Safety Review","faq","k1 game safety notes step by step","/guides/k1-game-safety-notes-step-by-step/","Write a unique review article with original screenshots, local examples, FAQ, and internal links. Do not reuse the same article structure across domains."
37,"K1 Safety Review","guide","is k1 game real FAQ update","/guides/is-k1-game-real-faq-update/","Write a unique review article with original screenshots, local examples, FAQ, and internal links. Do not reuse the same article structure across domains."
38,"K1 Safety Review","guide","is k1 game safe weekly review","/guides/is-k1-game-safe-weekly-review/","Write a unique review article with original screenshots, local examples, FAQ, and internal links. Do not reuse the same article structure across domains."
39,"K1 Safety Review","comparison","k1 game scam comparison notes","/guides/k1-game-scam-comparison-notes/","Write a unique review article with original screenshots, local examples, FAQ, and internal links. Do not reuse the same article structure across domains."
40,"K1 Safety Review","refresh","k1 game withdrawal proof support evidence","/guides/k1-game-withdrawal-proof-support-evidence/","Write a unique review article with original screenshots, local examples, FAQ, and internal links. Do not reuse the same article structure across domains."
41,"K1 Safety Review","guide","fake k1 game apk device compatibility","/guides/fake-k1-game-apk-device-compatibility/","Write a unique review article with original screenshots, local examples, FAQ, and internal links. Do not reuse the same article structure across domains."
42,"K1 Safety Review","comparison","k1 game review methodology error fix","/guides/k1-game-review-methodology-error-fix/","Write a unique review article with original screenshots, local examples, FAQ, and internal links. Do not reuse the same article structure across domains."
43,"K1 Safety Review","guide","k1 game user claims June update","/guides/k1-game-user-claims-june-update/","Write a unique review article with original screenshots, local examples, FAQ, and internal links. Do not reuse the same article structure across domains."
44,"K1 Safety Review","faq","k1 game safe download July update","/guides/k1-game-safe-download-july-update/","Write a unique review article with original screenshots, local examples, FAQ, and internal links. Do not reuse the same article structure across domains."
45,"K1 Safety Review","refresh","k1 game bonus claim 2026 refresh","/guides/k1-game-bonus-claim-2026-refresh/","Write a unique review article with original screenshots, local examples, FAQ, and internal links. Do not reuse the same article structure across domains."
46,"K1 Safety Review","guide","k1 game support review android setup","/guides/k1-game-support-review-android-setup/","Write a unique review article with original screenshots, local examples, FAQ, and internal links. Do not reuse the same article structure across domains."
47,"K1 Safety Review","guide","k1 game review faq new user guide","/guides/k1-game-review-faq-new-user-guide/","Write a unique review article with original screenshots, local examples, FAQ, and internal links. Do not reuse the same article structure across domains."
48,"K1 Safety Review","faq","k1 game safety notes Pakistan mobile users","/guides/k1-game-safety-notes-pakistan-mobile-users/","Write a unique review article with original screenshots, local examples, FAQ, and internal links. Do not reuse the same article structure across domains."
49,"K1 Safety Review","guide","is k1 game real common mistake","/guides/is-k1-game-real-common-mistake/","Write a unique review article with original screenshots, local examples, FAQ, and internal links. Do not reuse the same article structure across domains."
50,"K1 Safety Review","refresh","is k1 game safe safe checklist","/guides/is-k1-game-safe-safe-checklist/","Write a unique review article with original screenshots, local examples, FAQ, and internal links. Do not reuse the same article structure across domains."
51,"K1 Safety Review","comparison","k1 game scam step by step","/guides/k1-game-scam-step-by-step/","Write a unique review article with original screenshots, local examples, FAQ, and internal links. Do not reuse the same article structure across domains."
52,"K1 Safety Review","faq","k1 game withdrawal proof FAQ update","/guides/k1-game-withdrawal-proof-faq-update/","Write a unique review article with original screenshots, local examples, FAQ, and internal links. Do not reuse the same article structure across domains."
